epoch,accuracy,loss,val_accuracy,val_loss
0,0.8289628028869629,0.3869209289550781,0.8914400339126587,0.25038033723831177
