epoch,accuracy,loss,val_accuracy,val_loss
0,0.8289628028869629,0.3869209289550781,0.8914400339126587,0.25038033723831177
1,0.9408469796180725,0.16691173613071442,0.7570218443870544,0.6559131741523743
2,0.9721168875694275,0.0814211443066597,0.9908604621887207,0.027473600581288338
