epoch,accuracy,loss,val_accuracy,val_loss
0,0.8914859294891357,0.21073703467845917,0.5694071054458618,0.8765219449996948
