epoch,accuracy,loss,val_accuracy,val_loss
0,0.8665328025817871,0.29115745425224304,0.9750334620475769,0.06440810859203339
1,0.9703323841094971,0.08837254345417023,0.986847996711731,0.03595811501145363
